"编号","类别","定位","边界","决策场景","专家A经验","专家B经验"
"D-01","信息架构","回答“这个需求有多少页面、信息层级如何、页面采用什么形态”——一级菜单页 / 子页面 / 下钻页面；决定每个能力 / 配置挂到哪一层（一级菜单 / 二级菜单 / 菜单下 Tab / 页内轻入口）；以及每一层的次级结构用什么形态呈现（顶部 Tab / 左侧子导航 / 页内分段）。","只回答“信息架构怎么搭（页面与能力归属到哪一层、层内次级结构用什么形态）”，到定出页面与导航层级为止，不含每块内容的承载壳选型。","① 这个需求有多少页面、信息层级如何？","",""
"D-01","信息架构","","","② 每个能力 / 配置该挂到哪一层？","",""
"D-01","信息架构","","","③ 模块内部的次级结构该用什么形态？","",""
"D-02","信息承载与容器选型","回答“承载形式选哪种”——内容用哪个壳装：主列表 / 台账用表格、卡片流还是左树+表格；对象新增 / 编辑用独立页、抽屉、弹窗还是步骤条；对象查看 / 详情用下钻页、抽屉还是弹窗；从属明细用哪种壳。","只回答“一块内容用哪个壳装”，到选定承载壳为止，不含壳内部的信息排布。","① 主列表 / 台账该用表格、卡片流还是左树+表格？","",""
"D-02","信息承载与容器选型","","","② 对象新增 / 编辑该用独立页面、抽屉、弹窗还是步骤条？","",""
"D-02","信息承载与容器选型","","","③ 对象查看 / 详情该用下钻页、抽屉还是弹窗？","",""
"D-02","信息承载与容器选型","","","④ 表格行的额外信息 / 父子层级信息该就地展开，还是另开详情容器看？","",""
"D-02","信息承载与容器选型","","","⑤ 表单 / 详情内的从属明细（子信息）该用什么容器承载？","",""
"D-03","信息密度与可读性","回答“海量信息如何承载与切分”——分页 / 虚拟滚动 / 加载更多；冻结列与横向滚动；平铺 vs 分组 vs 局部 Tab；概览与明细切分；单元格多值 / 长文本处理；指标单元格的纯数值 / 内嵌可视化；表单内字段的分组、切分与折叠。","只回答“承载壳已定后，壳内数据在条数多 / 字段多时怎么排布与切分”，不含承载壳本身的选型。","① 上千条列表该用分页、虚拟滚动还是“加载更多”？","",""
"D-03","信息密度与可读性","","","② 列 / 字段很多时该冻结哪几列、是否横向滚动？","",""
"D-03","信息密度与可读性","","","③ 对象的信息什么时候该平铺、分组还是拆局部 Tab？","",""
"D-03","信息密度与可读性","","","④ 概览与明细何时该上下切分，何时左右分屏？","",""
"D-03","信息密度与可读性","","","⑤ 单元格内的多值 / 长文本该截断悬浮、就地展开还是计数下钻？","",""
"D-03","信息密度与可读性","","","⑥ 宽表该提供列设置（自定义显隐 / 顺序 / 固定）还是固定列集？","",""
"D-03","信息密度与可读性","","","⑦ 表格的行高 / 密度档位该如何选？","",""
"D-03","信息密度与可读性","","","⑧ 卡片流 / 网格该单列还是多列、一屏承载多少张？","",""
"D-03","信息密度与可读性","","","⑨ 指标类单元格该只放纯数值，还是内嵌可视化（迷你趋势线 / 进度条 / 占比条）？","",""
"D-03","信息密度与可读性","","","⑩ 长表单内部该怎样分组与切分？","",""
"D-03","信息密度与可读性","","","⑪ 次要 / 高级字段该平铺还是默认折叠，何时应该折叠？","",""
"D-04","状态与反馈表达","回答“各类状态怎么表达”——加载 / 空 / 错误 / 无权限 / 进行中；操作反馈分级；长耗时与后台任务的状态可回看；字段级校验反馈与加载偏慢时的中途提示。","只回答“如何如实告知系统状态与结果”，不含对操作的拦截与否决。","① 首次加载该用骨架屏还是加载态？","",""
"D-04","状态与反馈表达","","","② 空态该如何区分与引导（初始无数据 / 筛选无结果 / 无权限）？","",""
"D-04","状态与反馈表达","","","③ 操作反馈该如何分级呈现（成功 / 部分失败 / 全部失败）？","",""
"D-04","状态与反馈表达","","","④ 异步进行中该如何就地暴露进度（进度 / 耗时 / 剩余量）？","",""
"D-04","状态与反馈表达","","","⑤ 长耗时 / 后台任务用户能否离开、如何回看状态？","",""
"D-04","状态与反馈表达","","","⑥ 请求失败 / 超时该用什么容器与重试入口？","",""
"D-04","状态与反馈表达","","","⑦ 提交 / 保存在进行中，按钮与表单该呈什么态防重复提交？","",""
"D-04","状态与反馈表达","","","⑧ 实时列表中新增 / 变更的行该如何被察觉？","",""
"D-04","状态与反馈表达","","","⑨ 表单 / 批量操作的校验失败该怎样告知？","",""
"D-04","状态与反馈表达","","","⑩ 加载偏慢时该不该中途补个提示？","",""
"D-05","操作确认与防错","回答“操作如何确认与防呆”——二次确认分级；置灰 vs 隐藏；破坏性操作；批量跳过与影响面预告；删除兜底（回收站 / 软删除）；敏感操作二次校验；变更试运行 / 灰度。","只回答“高风险 / 不可逆操作要不要拦、拦到什么程度”，不含纯状态与进度的告知。","① 删除 / 下线等破坏性操作要不要二次确认？用气泡、阻断弹窗还是输入口令？","",""
"D-05","操作确认与防错","","","② 无权限操作该隐藏还是置灰并说明原因？","",""
"D-05","操作确认与防错","","","③ 批量操作中不满足条件的对象如何跳过、如何告知？","",""
"D-05","操作确认与防错","","","④ 变更类操作是否先给影响面清单 / 配额试算再放行？","",""
"D-05","操作确认与防错","","","⑤ 批量破坏性操作（批量删除 / 禁用）要不要二次确认、确认到什么程度？","",""
"D-05","操作确认与防错","","","⑥ 编辑表单有未保存修改时，离开 / 关闭该不该拦截？","",""
"D-05","操作确认与防错","","","⑦ 低频可逆操作该用“事后撤销（Undo）”替代“事前确认”吗？","",""
"D-05","操作确认与防错","","","⑧ 高风险操作该用什么视觉编码、是否设“危险操作区”隔离？","",""
"D-05","操作确认与防错","","","⑨ 破坏性删除要不要提供回收站 / 软删除 / 快照恢复兜底？","",""
"D-05","操作确认与防错","","","⑩ 查看 / 导出敏感数据前该不该二次身份校验？","",""
"D-05","操作确认与防错","","","⑪ 策略 / 配置变更该直接生效，还是试运行 / 定时生效 / 灰度？","",""
"D-06","层级与动线","回答“层级怎么走、上下文怎么留”——下钻层级与浮层叠放；返回与上下文保留；跨模块跳转；操作成功后的动线收尾与父级刷新；多入口返回归处；Tab 切换的状态重置。","只回答“层与层怎么叠、往返路径与上下文如何保留”，不含承载形态本身的选型。","① 页面 → 抽屉 → 弹窗最多叠几层？能否“抽屉开页面”？","",""
"D-06","层级与动线","","","② 关闭抽屉 / 返回列表是否保留搜索、筛选、排序、滚动位置？","",""
"D-06","层级与动线","","","③ 多级下钻的面包屑与返回契约如何统一？","",""
"D-06","层级与动线","","","④ 跨模块跳转如何保持上下文不中断？","",""
"D-06","层级与动线","","","⑤ 浏览器前进 / 后退该如何与浮层、Tab 状态对齐？","",""
"D-06","层级与动线","","","⑥ 页面与 Tab 状态该不该可由 URL 直达（可分享 / 可收藏）？","",""
"D-06","层级与动线","","","⑦ 操作成功后该退回哪一层、关几层（关弹窗 / 关抽屉 / 退回列表并刷新）？","",""
"D-06","层级与动线","","","⑧ 子页面改动后返回，父列表 / 父对象该不该自动刷新？","",""
"D-06","层级与动线","","","⑨ 同一页面可从多入口进入时，“返回”该回到哪？","",""
"D-06","层级与动线","","","⑩ 切换页内 Tab / 视图时，是否重置内部状态（滚动、筛选、子选择）？","",""
"D-07","对象录入与选择","回答“字段与对象怎么录、怎么选”——字段控件选型；选择器选型（穿梭 / 多选 / 树 / 弹窗列表页）；数值区间 / 结构化表达式 / 子对象集合的专用录入形态；字段的条件显隐。","只回答“字段录入与对象选取用什么控件”，不含承载这些控件的壳选型。","① 字段控件该如何选型（输入框、下拉、单选 / 多选、日期选择器）？","",""
"D-07","对象录入与选择","","","② 对象选取该用穿梭框、多选列表、树选择器还是弹窗列表页？","",""
"D-07","对象录入与选择","","","③ 海量对象如何按量级与是否需要多维筛选切换选择器？","",""
"D-07","对象录入与选择","","","④ 多类型对象混选如何分组承载？","",""
"D-07","对象录入与选择","","","⑤ 字段校验该在何时触发（实时 / 失焦 / 提交时）？","",""
"D-07","对象录入与选择","","","⑥ 条件 / 规则类组合输入（且 / 或 + 多条件）该用什么交互形态？","",""
"D-07","对象录入与选择","","","⑦ 多值字段（多个 IP / 域名 / 端口）该用什么录入形态？","",""
"D-07","对象录入与选择","","","⑧ 字段间存在联动依赖时，切换上游字段后下游该重置还是保留？","",""
"D-07","对象录入与选择","","","⑨ 数值 / 区间类字段该用什么控件？","",""
"D-07","对象录入与选择","","","⑩ 结构化表达式（正则 / SPL / JSON）该用什么编辑器？","",""
"D-07","对象录入与选择","","","⑪ 子对象集合（可动态增删的行 / 卡片）该用什么录入形态？","",""
"D-07","对象录入与选择","","","⑫ 字段该常驻显示还是随条件显隐？","",""
"D-08","概览与驾驶舱可视化","回答“概览 / 驾驶舱这块内容怎么承载与组织”——是独立成驾驶舱页，还是并入主列表顶部的统计卡；指标卡与图表怎么分组、多视角怎么切；概览与明细怎么衔接；异常指标如何突出；指标卡的内容构成；全屏 / 大屏值守形态。","只回答“概览用什么壳装、指标与图表怎么组织成版面”，到选定承载与基本版面为止；具体图表类型选型与配色 Token 归 03-design-assets，数据取数与计算口径不在本域。","① 概览该独立成驾驶舱（指标卡 + 图表页），还是并入主列表顶部统计卡？","",""
"D-08","概览与驾驶舱可视化","","","② 驾驶舱的指标与图表怎么分组？","",""
"D-08","概览与驾驶舱可视化","","","③ 概览与明细怎么衔接？","",""
"D-08","概览与驾驶舱可视化","","","④ 驾驶舱的时间维度该用全局统一时间筛选还是各卡片独立时间？","",""
"D-08","概览与驾驶舱可视化","","","⑤ 驾驶舱该按几列栅格排布、首屏承载多少卡片、主指标如何置顶？","",""
"D-08","概览与驾驶舱可视化","","","⑥ 驾驶舱内卡片间是否联动（一处筛选 / 点击，其余卡片联动响应）？","",""
"D-08","概览与驾驶舱可视化","","","⑦ 驾驶舱卡片该固定排布还是允许用户自定义（显隐 / 排序 / 拖拽）？","",""
"D-08","概览与驾驶舱可视化","","","⑧ 概览面向“全局态势”还是“我的待办 / 我的任务”？是否同页承载？","",""
"D-08","概览与驾驶舱可视化","","","⑨ 列表筛选变化时，顶部概览卡是否联动刷新？","",""
"D-08","概览与驾驶舱可视化","","","⑩ 驾驶舱 / 概览的数据刷新该自动定时刷新还是手动刷新、如何表达新鲜度？","",""
"D-08","概览与驾驶舱可视化","","","⑪ 概览中异常 / 超阈值指标该如何被突出？","",""
"D-08","概览与驾驶舱可视化","","","⑫ 指标卡该带对比基准吗（单值 / 环比 / 目标进度 / 迷你趋势）？","",""
"D-08","概览与驾驶舱可视化","","","⑬ 概览要不要全屏 / 大屏值守模式？","",""
"D-09","检索与筛选","回答“用户怎么把目标数据找出来”——检索 / 筛选 / 排序的入口形态、条件承载容器、触发时机与条件组织（保存视图、高级表达式、条件回显）。","只回答“检索与筛选这一整块如何组织与承载”；筛选项内部的单个控件选型归 D-07，列表 / 表格壳归 D-02，无结果空态归 D-04。","① 检索 / 筛选的入口该常驻在列表页里，还是单独开一个检索页？","",""
"D-09","检索与筛选","","","② 多条件筛选该用哪个壳承载？","",""
"D-09","检索与筛选","","","③ 筛选该什么时候触发？","",""
"D-09","检索与筛选","","","④ 筛选条件该不该保存为视图 / 方案并可复用 / 共享？","",""
"D-09","检索与筛选","","","⑤ 高级检索能力（SPL / 自然语言 / 结构化条件）该以什么方式暴露？","",""
"D-09","检索与筛选","","","⑥ 列表的视图 Tab 与筛选条该怎样分层组织？","",""
"D-09","检索与筛选","","","⑦ 已生效的筛选条件该如何回显与清空？","",""
"D-09","检索与筛选","","","⑧ 排序该用什么方式？","",""
"D-09","检索与筛选","","","⑨ 检索 / 筛选该作用于什么范围？","",""
"D-09","检索与筛选","","","⑩ 关键字检索该匹配哪些字段、命中如何高亮？","",""
"D-09","检索与筛选","","","⑪ 该不该提供搜索历史 / 最近查询 / 常用筛选？","",""
"D-10","操作入口与批量","回答“操作放在哪、怎么组织与触发”——单对象 / 单行操作的入口挂载形态；批量操作的组织与触发；导入 / 导出等文件类操作的承载与流程；耗时操作即时执行还是转后台；批量改值形态；全选范围；快捷入口；对象克隆复用。","只回答“操作如何挂载、组织与触发”；要不要拦、拦到什么程度归 D-05，操作结果的状态表达归 D-04，操作表单内的字段控件归 D-07。","① 单对象 / 单行的操作入口该挂在哪个位置？","",""
"D-10","操作入口与批量","","","② 批量操作该怎样组织与触发？","",""
"D-10","操作入口与批量","","","③ 导入 / 导出等文件类操作该用什么壳与流程？","",""
"D-10","操作入口与批量","","","④ 耗时操作该即时执行还是转后台？","",""
"D-10","操作入口与批量","","","⑤ 批量修改同一字段该用什么形态？","",""
"D-10","操作入口与批量","","","⑥ “全选”该作用于当前页还是全部筛选结果？","",""
"D-10","操作入口与批量","","","⑦ 该不该提供键盘快捷键 / 行内快捷图标？","",""
"D-10","操作入口与批量","","","⑧ 新建对象该不该支持复制 / 克隆已有？入口放哪？","",""
